cluster,payer_type,horizon_years,gross_benefit,expected_drug_cost,intervention_cost,net_benefit,roi
0,current,1,26.1,3122.01,500.0,-3595.91,-1.1518
0,current,2,69.05,4546.66,500.0,-4977.62,-1.0948
0,current,3,128.11,5929.82,500.0,-6301.71,-1.0627
0,current,4,202.64,7272.7,500.0,-7570.07,-1.0409
0,current,5,291.96,8576.46,500.0,-8784.5,-1.0243
0,current,6,395.45,9842.25,500.0,-9946.8,-1.0106
0,current,7,512.45,11071.17,500.0,-11058.72,-0.9989
0,current,8,642.28,12264.3,500.0,-12122.02,-0.9884
0,current,9,784.23,13422.68,500.0,-13138.45,-0.9788
0,current,10,937.59,14547.32,500.0,-14109.73,-0.9699
1,current,1,516.96,4166.0,500.0,-4149.05,-0.9959
1,current,2,1137.51,6434.58,500.0,-5797.07,-0.9009
1,current,3,1858.25,8637.08,500.0,-7278.83,-0.8427
1,current,4,2674.45,10775.43,500.0,-8600.98,-0.7982
1,current,5,3580.43,12851.5,500.0,-9771.07,-0.7603
1,current,6,4569.78,14867.1,500.0,-10797.32,-0.7263
1,current,7,5635.61,16823.99,500.0,-11688.38,-0.6947
1,current,8,6770.73,18723.89,500.0,-12453.16,-0.6651
1,current,9,7967.83,20568.45,500.0,-13100.62,-0.6369
1,current,10,9219.56,22359.29,500.0,-13639.72,-0.61
2,current,1,920.03,9702.65,500.0,-9282.62,-0.9567
2,current,2,2040.22,18395.79,500.0,-16855.58,-0.9163
2,current,3,3353.52,26835.74,500.0,-23982.22,-0.8937
2,current,4,4850.96,35029.86,500.0,-30678.9,-0.8758
2,current,5,6522.06,42985.32,500.0,-36963.26,-0.8599
2,current,6,8355.19,50709.07,500.0,-42853.87,-0.8451
2,current,7,10337.95,58207.85,500.0,-48369.9,-0.831
2,current,8,12457.41,65488.22,500.0,-53530.81,-0.8174
2,current,9,14700.36,72556.54,500.0,-58356.19,-0.8043
2,current,10,17053.54,79418.99,500.0,-62865.45,-0.7916
3,current,1,551.84,3745.01,500.0,-3693.17,-0.9862
3,current,2,1229.47,6051.6,500.0,-5322.13,-0.8795
3,current,3,2028.64,8291.01,500.0,-6762.36,-0.8156
3,current,4,2943.71,10465.19,500.0,-8021.47,-0.7665
3,current,5,3967.92,12576.04,500.0,-9108.13,-0.7242
3,current,6,5093.69,14625.42,500.0,-10031.72,-0.6859
3,current,7,6312.93,16615.1,500.0,-10802.17,-0.6501
3,current,8,7617.15,18546.83,500.0,-11429.68,-0.6163
3,current,9,8997.72,20422.3,500.0,-11924.57,-0.5839
3,current,10,10445.98,22243.14,500.0,-12297.16,-0.5529
0,medicare_2028,1,26.1,1681.08,500.0,-2154.98,-1.2819
0,medicare_2028,2,69.05,2448.2,500.0,-2879.16,-1.176
0,medicare_2028,3,128.11,3192.98,500.0,-3564.87,-1.1165
0,medicare_2028,4,202.64,3916.07,500.0,-4213.43,-1.0759
0,medicare_2028,5,291.96,4618.1,500.0,-4826.13,-1.045
0,medicare_2028,6,395.45,5299.67,500.0,-5404.22,-1.0197
0,medicare_2028,7,512.45,5961.4,500.0,-5948.95,-0.9979
0,medicare_2028,8,642.28,6603.86,500.0,-6461.58,-0.9785
0,medicare_2028,9,784.23,7227.6,500.0,-6943.36,-0.9607
0,medicare_2028,10,937.59,7833.17,500.0,-7395.58,-0.9441
1,medicare_2028,1,516.96,2243.23,500.0,-2226.28,-0.9924
1,medicare_2028,2,1137.51,3464.77,500.0,-2827.26,-0.816
1,medicare_2028,3,1858.25,4650.74,500.0,-3292.49,-0.708
1,medicare_2028,4,2674.45,5802.16,500.0,-3627.7,-0.6252
1,medicare_2028,5,3580.43,6920.04,500.0,-3839.6,-0.5549
1,medicare_2028,6,4569.78,8005.36,500.0,-3935.58,-0.4916
1,medicare_2028,7,5635.61,9059.07,500.0,-3923.46,-0.4331
1,medicare_2028,8,6770.73,10082.1,500.0,-3811.36,-0.378
1,medicare_2028,9,7967.83,11075.32,500.0,-3607.49,-0.3257
1,medicare_2028,10,9219.56,12039.62,500.0,-3320.05,-0.2758
2,medicare_2028,1,920.03,5224.69,500.0,-4804.65,-0.9196
2,medicare_2028,2,2040.22,9905.77,500.0,-8365.56,-0.8445
2,medicare_2028,3,3353.52,14450.52,500.0,-11597.0,-0.8025
2,medicare_2028,4,4850.96,18862.89,500.0,-14511.93,-0.7693
2,medicare_2028,5,6522.06,23146.75,500.0,-17124.69,-0.7398
2,medicare_2028,6,8355.19,27305.83,500.0,-19450.64,-0.7123
2,medicare_2028,7,10337.95,31343.78,500.0,-21505.82,-0.6861
2,medicare_2028,8,12457.41,35264.11,500.0,-23306.7,-0.6609
2,medicare_2028,9,14700.36,39070.26,500.0,-24869.9,-0.6365
2,medicare_2028,10,17053.54,42765.56,500.0,-26212.01,-0.6129
3,medicare_2028,1,551.84,2016.54,500.0,-1964.7,-0.9743
3,medicare_2028,2,1229.47,3258.55,500.0,-2529.09,-0.7761
3,medicare_2028,3,2028.64,4464.39,500.0,-2935.74,-0.6576
3,medicare_2028,4,2943.71,5635.1,500.0,-3191.39,-0.5663
3,medicare_2028,5,3967.92,6771.71,500.0,-3303.8,-0.4879
3,medicare_2028,6,5093.69,7875.22,500.0,-3281.53,-0.4167
3,medicare_2028,7,6312.93,8946.59,500.0,-3133.66,-0.3503
3,medicare_2028,8,7617.15,9986.75,500.0,-2869.6,-0.2873
3,medicare_2028,9,8997.72,10996.62,500.0,-2498.9,-0.2272
3,medicare_2028,10,10445.98,11977.07,500.0,-2031.1,-0.1696
0,post_generic,1,26.1,499.18,500.0,-973.09,-1.9494
0,post_generic,2,69.05,726.97,500.0,-1157.93,-1.5928
0,post_generic,3,128.11,948.13,500.0,-1320.01,-1.3922
0,post_generic,4,202.64,1162.84,500.0,-1460.21,-1.2557
0,post_generic,5,291.96,1371.3,500.0,-1579.34,-1.1517
0,post_generic,6,395.45,1573.69,500.0,-1678.23,-1.0664
0,post_generic,7,512.45,1770.18,500.0,-1757.73,-0.993
0,post_generic,8,642.28,1960.95,500.0,-1818.67,-0.9274
0,post_generic,9,784.23,2146.17,500.0,-1861.93,-0.8676
0,post_generic,10,937.59,2325.99,500.0,-1888.4,-0.8119
1,post_generic,1,516.96,673.98,500.0,-657.03,-0.9748
1,post_generic,2,1137.51,1041.0,500.0,-403.49,-0.3876
1,post_generic,3,1858.25,1397.32,500.0,-39.08,-0.028
1,post_generic,4,2674.45,1743.27,500.0,431.18,0.2473
1,post_generic,5,3580.43,2079.14,500.0,1001.3,0.4816
1,post_generic,6,4569.78,2405.23,500.0,1664.56,0.6921
1,post_generic,7,5635.61,2721.82,500.0,2413.8,0.8868
1,post_generic,8,6770.73,3029.19,500.0,3241.55,1.0701
1,post_generic,9,7967.83,3327.6,500.0,4140.23,1.2442
1,post_generic,10,9219.56,3617.33,500.0,5102.24,1.4105
2,post_generic,1,920.03,1613.85,500.0,-1193.82,-0.7397
2,post_generic,2,2040.22,3059.79,500.0,-1519.58,-0.4966
2,post_generic,3,3353.52,4463.62,500.0,-1610.1,-0.3607
2,post_generic,4,4850.96,5826.55,500.0,-1475.59,-0.2533
2,post_generic,5,6522.06,7149.79,500.0,-1127.73,-0.1577
2,post_generic,6,8355.19,8434.49,500.0,-579.3,-0.0687
2,post_generic,7,10337.95,9681.77,500.0,156.18,0.0161
2,post_generic,8,12457.41,10892.72,500.0,1064.69,0.0977
2,post_generic,9,14700.36,12068.4,500.0,2131.96,0.1767
2,post_generic,10,17053.54,13209.84,500.0,3343.7,0.2531
3,post_generic,1,551.84,576.16,500.0,-524.31,-0.91
3,post_generic,2,1229.47,931.02,500.0,-201.55,-0.2165
3,post_generic,3,2028.64,1275.54,500.0,253.1,0.1984
3,post_generic,4,2943.71,1610.03,500.0,833.68,0.5178
3,post_generic,5,3967.92,1934.78,500.0,1533.14,0.7924
3,post_generic,6,5093.69,2250.06,500.0,2343.63,1.0416
3,post_generic,7,6312.93,2556.17,500.0,3256.76,1.2741
3,post_generic,8,7617.15,2853.36,500.0,4263.79,1.4943
3,post_generic,9,8997.72,3141.89,500.0,5355.83,1.7047
3,post_generic,10,10445.98,3422.02,500.0,6523.96,1.9065
